type,it,signal_threshold,traders,random,market_maker,chartist,fundamentalist,is_recovered,time_to_recover,before_price,after_price,before_return,after_return,last_ask_orders_count,last_bid_orders_count,event_ask_orders_count,event_bid_orders_count,diff_ask_orders_count,diff_bid_orders_count,avg_diff_before_event,avg_diff_after_event
SignalThreshold,200,10,['Random'],20,1,5,10,False,,99.81999999999998,,0.000662128483748029,,1608,1169,1533,1563,75,-394,13.700000000000045,28.09999999999991
SignalThreshold,200,10,['Random'],20,1,5,25,False,,92.81,,0.0003093828334547503,,1074,1392,1611,1334,-537,58,255.4000000000001,280.4000000000001
SignalThreshold,200,10,['Random'],50,1,5,10,False,,102.31,,0.000662156396470999,,1697,1803,1553,1651,144,152,94.69999999999982,116.0
SignalThreshold,200,10,['Random'],50,1,5,25,False,,99.02,,-0.00016790648330817628,,1778,1253,1571,1630,207,-377,87.5,72.09999999999991
SignalThreshold,200,10,['Random'],20,1,10,10,False,,104.11000000000001,,0.0005076495464929301,,1486,1341,1421,1579,65,-238,151.0,148.80000000000018
SignalThreshold,200,10,['Random'],20,1,10,25,False,,101.37,,0.0001674562965962127,,1450,1576,1483,1538,-33,38,69.39999999999986,50.700000000000045
SignalThreshold,200,10,['Random'],50,1,10,10,False,,103.50999999999999,,0.0008858149710241783,,1711,1893,1521,1706,190,187,145.10000000000014,178.5
SignalThreshold,200,10,['Random'],50,1,10,25,False,,92.72000000000001,,0.0004755183343964182,,1770,1588,1686,1423,84,165,252.5,266.10000000000014
SignalThreshold,200,10,['Random'],20,1,25,10,False,,97.44,,0.0003516045899225961,,1614,1376,1573,1560,41,-184,25.899999999999864,4.900000000000091
SignalThreshold,200,10,['Random'],20,1,25,25,False,,101.62999999999998,,0.00030332682237759135,,1646,1304,1510,1596,136,-292,81.20000000000005,84.60000000000014
SignalThreshold,200,10,['Random'],50,1,25,10,False,,104.02000000000001,,0.0007321701016778029,,1749,1829,1583,1680,166,149,104.79999999999995,95.20000000000005
SignalThreshold,200,10,['Random'],50,1,25,25,False,,105.65,,0.0010025941032897933,,1190,1900,1513,1714,-323,186,177.70000000000005,195.29999999999995
SignalThreshold,200,10,['Random'],20,5,5,10,False,,92.38,,-9.373210310565455e-05,,1631,954,1535,1339,96,-385,181.5,210.5
SignalThreshold,200,10,['Random'],20,5,5,25,False,,98.21000000000001,,0.00025532999332876174,,1568,1325,1497,1465,71,-140,51.30000000000018,27.09999999999991
SignalThreshold,200,10,['Random'],50,5,5,10,False,,99.53999999999999,,0.0006052647577416282,,1837,1595,1665,1558,172,37,79.79999999999995,81.29999999999995
SignalThreshold,200,10,['Random'],50,5,5,25,False,,98.81,,0.0008926542667851849,,1672,1533,1595,1539,77,-6,69.90000000000009,58.100000000000136
SignalThreshold,200,10,['Random'],20,5,10,10,False,,104.92999999999999,,0.0009391232759260286,,1256,1579,1404,1543,-148,36,129.70000000000005,144.30000000000018
SignalThreshold,200,10,['Random'],20,5,10,25,False,,95.78999999999999,,0.0008008817761773823,,685,1392,1612,1328,-927,64,279.5999999999999,292.29999999999995
SignalThreshold,200,10,['Random'],50,5,10,10,True,125.0,98.85999999999999,98.80999999999997,0.00029394527383101493,0.0004582194719826928,1689,1858,1685,1633,4,225,38.200000000000045,49.59999999999991
SignalThreshold,200,10,['Random'],50,5,10,25,False,,96.11999999999999,,0.0006660462491307349,,1853,1026,1690,1501,163,-475,154.89999999999986,203.4000000000001
SignalThreshold,200,10,['Random'],20,5,25,10,False,,96.09,,0.0004100455961867819,,1238,1599,1584,1435,-346,164,130.70000000000005,140.0
SignalThreshold,200,10,['Random'],20,5,25,25,False,,107.99000000000001,,0.0007667908328628907,,834,1741,1337,1604,-503,137,261.60000000000014,270.79999999999995
SignalThreshold,200,10,['Random'],50,5,25,10,False,,97.35999999999999,,0.0004052651405568046,,1923,1645,1706,1612,217,33,124.0,104.29999999999995
SignalThreshold,200,10,['Random'],50,5,25,25,False,,98.28,,0.00041839720384452225,,1877,1710,1732,1668,145,42,57.600000000000136,77.79999999999995
SignalThreshold,200,10,['Random'],20,10,5,10,False,,95.32000000000001,,-8.32859518456119e-05,,1608,696,1620,1369,-12,-673,231.5999999999999,248.69999999999982
SignalThreshold,200,10,['Random'],20,10,5,25,False,,106.74000000000001,,0.0004459234859005788,,1295,1621,1333,1609,-38,12,279.60000000000014,268.70000000000005
SignalThreshold,200,10,['Random'],50,10,5,10,False,,98.97999999999999,,0.00027695222342201837,,1777,1621,1658,1630,119,-9,11.399999999999864,19.09999999999991
SignalThreshold,200,10,['Random'],50,10,5,25,False,,102.82000000000001,,0.0010878510117711692,,1359,1732,1516,1657,-157,75,161.0999999999999,149.29999999999995
SignalThreshold,200,10,['Random'],20,10,10,10,False,,101.47999999999999,,0.0006576932284120878,,1097,1684,1556,1601,-459,83,23.09999999999991,56.30000000000018
SignalThreshold,200,10,['Random'],20,10,10,25,False,,101.89,,0.001082018932903464,,1456,1569,1519,1540,-63,29,7.2999999999999545,14.099999999999909
SignalThreshold,200,10,['Random'],50,10,10,10,False,,97.73,,0.0003624689654633789,,1849,1534,1681,1633,168,-99,48.399999999999864,51.200000000000045
SignalThreshold,200,10,['Random'],50,10,10,25,False,,97.92,,0.0008128582258308776,,1708,1558,1667,1486,41,72,179.79999999999995,190.5
SignalThreshold,200,10,['Random'],20,10,25,10,False,,102.96,,0.0008222485791054304,,1532,1676,1497,1689,35,-13,179.4000000000001,183.79999999999995
SignalThreshold,200,10,['Random'],20,10,25,25,False,,100.63999999999999,,0.00036442466906212755,,1143,1778,1528,1595,-385,183,73.20000000000005,57.90000000000009
SignalThreshold,200,10,['Random'],50,10,25,10,False,,101.65,,0.0007836206717279985,,1590,1896,1601,1710,-11,186,101.5,102.0
SignalThreshold,200,10,['Random'],50,10,25,25,False,,92.91000000000001,,-5.400248834891408e-05,,1968,1529,1726,1429,242,100,266.5999999999999,322.9000000000001
SignalThreshold,200,10,['Random'],20,25,5,10,False,,99.55,,0.00029979134454586795,,1370,1645,1555,1614,-185,31,72.59999999999991,65.0
SignalThreshold,200,10,['Random'],20,25,5,25,False,,103.55999999999999,,0.0006056576858221392,,962,1575,1526,1568,-564,7,55.399999999999864,37.799999999999955
SignalThreshold,200,10,['Random'],50,25,5,10,False,,97.47,,0.0003490834916802808,,1624,1725,1664,1651,-40,74,3.5,14.299999999999955
SignalThreshold,200,10,['Random'],50,25,5,25,False,,97.52,,0.0013457688067432798,,1888,1441,1584,1430,304,11,154.29999999999995,154.89999999999986
SignalThreshold,200,10,['Random'],20,25,10,10,False,,97.76000000000002,,0.0004804073402786281,,1636,1603,1631,1542,5,61,81.40000000000009,96.5
SignalThreshold,200,10,['Random'],20,25,10,25,False,,103.45,,0.00023324753541425388,,494,1663,1424,1554,-930,109,122.80000000000018,133.79999999999995
SignalThreshold,200,10,['Random'],50,25,10,10,False,,99.58000000000001,,0.00048822446898275757,,1892,1755,1728,1708,164,47,0.599999999999909,7.699999999999818
SignalThreshold,200,10,['Random'],50,25,10,25,False,,95.82000000000001,,0.00045892244546078014,,1833,1389,1675,1520,158,-131,133.9000000000001,157.5999999999999
SignalThreshold,200,10,['Random'],20,25,25,10,False,,96.58,,0.00022953683811251482,,1611,1545,1633,1516,-22,29,106.5,122.29999999999995
SignalThreshold,200,10,['Random'],20,25,25,25,False,,100.80999999999999,,0.0006688907299621235,,1545,1568,1585,1621,-40,-53,27.299999999999955,64.0
SignalThreshold,200,10,['Random'],50,25,25,10,False,,101.10000000000001,,0.0006632160105887919,,1578,1977,1680,1754,-102,223,55.5,73.90000000000009
SignalThreshold,200,10,['Random'],50,25,25,25,False,,98.96000000000001,,0.0003786651326216847,,1955,1399,1684,1623,271,-224,42.600000000000136,87.29999999999995
SignalThreshold,200,10,['Random'],20,100,5,10,False,,101.79999999999998,,0.0006731234584706282,,1526,1774,1610,1673,-84,101,62.100000000000136,66.0
SignalThreshold,200,10,['Random'],20,100,5,25,True,0.0,99.0,98.92999999999998,0.0005071356931137652,0.0005248694557258197,810,1650,1654,1676,-844,-26,28.700000000000045,50.19999999999982
SignalThreshold,200,10,['Random'],50,100,5,10,False,,98.83999999999999,,0.00039960055780780245,,1976,1861,1778,1683,198,178,106.10000000000014,95.20000000000005
SignalThreshold,200,10,['Random'],50,100,5,25,False,,101.88,,0.0007154063649204542,,1177,1830,1663,1734,-486,96,69.5,85.59999999999991
SignalThreshold,200,10,['Random'],20,100,10,10,False,,100.39999999999999,,0.0006506873916309584,,1812,1680,1684,1726,128,-46,42.799999999999955,40.200000000000045
SignalThreshold,200,10,['Random'],20,100,10,25,False,,100.94,,0.0007931038874381403,,1592,1501,1638,1621,-46,-120,19.299999999999955,22.399999999999864
SignalThreshold,200,10,['Random'],50,100,10,10,False,,101.03,,0.0006532670489062628,,1869,2038,1730,1848,139,190,110.5,112.29999999999995
SignalThreshold,200,10,['Random'],50,100,10,25,True,145.0,101.33999999999999,101.88999999999999,0.000638992300095604,0.0006769998618293299,1148,1865,1706,1720,-558,145,18.199999999999818,3.400000000000091
SignalThreshold,200,10,['Random'],20,100,25,10,False,,99.78999999999999,,0.0005000959336081835,,1764,1955,1739,1701,25,254,39.19999999999982,41.299999999999955
SignalThreshold,200,10,['Random'],20,100,25,25,False,,95.67,,0.00016699717144045428,,1615,1452,1682,1548,-67,-96,134.5999999999999,145.70000000000005
SignalThreshold,200,10,['Random'],50,100,25,10,True,775.0,98.71000000000001,95.81999999999998,0.0003720888119457231,0.00040108400002955666,2130,1849,1872,1743,258,106,134.0,129.5
SignalThreshold,200,10,['Random'],50,100,25,25,False,,99.63000000000002,,0.0005683898988250973,,1669,1862,1866,1768,-197,94,97.5,88.69999999999982
SignalThreshold,200,10,['Chartist'],20,1,5,10,False,,95.09,,0.00013193006486984283,,1281,1414,1546,1390,-265,24,154.4000000000001,161.0
SignalThreshold,200,10,['Chartist'],20,1,5,25,False,,101.26000000000002,,0.00040392775739205543,,802,1518,1495,1545,-693,-27,59.5,51.59999999999991
SignalThreshold,200,10,['Chartist'],50,1,5,10,False,,100.67999999999999,,0.0007066090131490216,,1849,1643,1605,1621,244,22,19.200000000000045,22.90000000000009
SignalThreshold,200,10,['Chartist'],50,1,5,25,False,,98.59,,0.0008304368893644179,,1591,1520,1646,1526,-55,-6,118.20000000000005,95.5
SignalThreshold,200,10,['Chartist'],20,1,10,10,False,,97.66000000000001,,-7.667360300495295e-05,,1499,1469,1468,1492,31,-23,25.59999999999991,22.5
SignalThreshold,200,10,['Chartist'],20,1,10,25,False,,104.53,,0.0010545587705935952,,1275,1601,1462,1514,-187,87,55.09999999999991,68.29999999999995
SignalThreshold,200,10,['Chartist'],50,1,10,10,False,,96.88999999999999,,0.0003747353301707128,,1748,1781,1658,1582,90,199,58.59999999999991,82.09999999999991
SignalThreshold,200,10,['Chartist'],50,1,10,25,False,,90.89999999999999,,0.0001278403164141668,,1867,1292,1644,1342,223,-50,302.0999999999999,320.20000000000005
SignalThreshold,200,10,['Chartist'],20,1,25,10,False,,102.57000000000001,,0.0007206977673889795,,1487,1764,1535,1591,-48,173,63.40000000000009,67.70000000000005
SignalThreshold,200,10,['Chartist'],20,1,25,25,False,,106.45,,0.0005826730177335663,,1413,1427,1427,1591,-14,-164,176.5,195.4000000000001
SignalThreshold,200,10,['Chartist'],50,1,25,10,False,,102.22000000000001,,0.00037991630631401376,,1754,1595,1563,1662,191,-67,112.20000000000005,77.29999999999995
SignalThreshold,200,10,['Chartist'],50,1,25,25,False,,100.97,,0.0005441220568455493,,1095,1841,1672,1622,-577,219,46.799999999999955,41.299999999999955
SignalThreshold,200,10,['Chartist'],20,5,5,10,False,,100.03000000000002,,0.0003789299830388248,,1392,1467,1490,1599,-98,-132,104.0,102.20000000000005
SignalThreshold,200,10,['Chartist'],20,5,5,25,False,,89.96000000000001,,-0.00030384608023249494,,1614,1278,1559,1271,55,7,282.4000000000001,287.79999999999995
SignalThreshold,200,10,['Chartist'],50,5,5,10,False,,102.16,,0.0008082121672713104,,1625,1729,1559,1617,66,112,55.90000000000009,54.100000000000136
SignalThreshold,200,10,['Chartist'],50,5,5,25,False,,101.01,,6.467878064186339e-05,,908,1886,1505,1599,-597,287,107.5,121.70000000000005
SignalThreshold,200,10,['Chartist'],20,5,10,10,False,,100.10000000000001,,0.0005868897877503114,,1325,1628,1586,1585,-261,43,18.600000000000136,3.599999999999909
SignalThreshold,200,10,['Chartist'],20,5,10,25,False,,100.57000000000002,,0.0005206546261879262,,1623,1264,1496,1545,127,-281,61.700000000000045,53.80000000000018
SignalThreshold,200,10,['Chartist'],50,5,10,10,False,,97.65,,0.00025114696180730714,,1790,1352,1639,1550,151,-198,87.0,81.29999999999995
SignalThreshold,200,10,['Chartist'],50,5,10,25,False,,97.97999999999999,,6.439372896184146e-05,,1064,1888,1529,1630,-465,258,136.0999999999999,86.20000000000005
SignalThreshold,200,10,['Chartist'],20,5,25,10,False,,100.03999999999999,,0.0007502070493057085,,1463,1575,1612,1494,-149,81,122.5,114.70000000000005
SignalThreshold,200,10,['Chartist'],20,5,25,25,False,,96.70000000000002,,0.0003970793356658754,,1515,1519,1606,1488,-91,31,99.0,129.9000000000001
SignalThreshold,200,10,['Chartist'],50,5,25,10,False,,97.73,,0.0003748606824644279,,1931,1514,1662,1571,269,-57,67.70000000000005,72.29999999999995
SignalThreshold,200,10,['Chartist'],50,5,25,25,False,,97.03,,0.0005030011843918062,,1414,1702,1719,1544,-305,158,188.29999999999995,176.10000000000014
SignalThreshold,200,10,['Chartist'],20,10,5,10,False,,100.69,,0.0006743289893224518,,1107,1624,1544,1562,-437,62,7.5,16.09999999999991
SignalThreshold,200,10,['Chartist'],20,10,5,25,False,,92.41,,0.00019709939934258036,,1282,1296,1555,1336,-273,-40,214.39999999999986,228.5999999999999
SignalThreshold,200,10,['Chartist'],50,10,5,10,False,,101.5,,0.0005755886859471321,,1472,1763,1616,1671,-144,92,56.80000000000018,59.100000000000136
SignalThreshold,200,10,['Chartist'],50,10,5,25,False,,99.44999999999999,,-2.6783454245451337e-05,,1533,1670,1563,1603,-30,67,47.90000000000009,24.59999999999991
SignalThreshold,200,10,['Chartist'],20,10,10,10,False,,102.22999999999999,,0.0007067128813774193,,1240,1634,1500,1600,-260,34,80.40000000000009,109.59999999999991
SignalThreshold,200,10,['Chartist'],20,10,10,25,False,,96.92,,0.00025345069998249916,,1709,906,1563,1446,146,-540,119.0,127.79999999999995
SignalThreshold,200,10,['Chartist'],50,10,10,10,False,,102.99000000000001,,0.0008945022618185043,,1302,1933,1533,1694,-231,239,155.4000000000001,185.79999999999995
SignalThreshold,200,10,['Chartist'],50,10,10,25,False,,107.22,,0.0010431804842208536,,1396,1664,1422,1668,-26,-4,223.9000000000001,243.60000000000014
SignalThreshold,200,10,['Chartist'],20,10,25,10,True,125.0,98.59000000000002,98.20000000000002,0.00045047085835303954,0.0004236572265176834,1691,1574,1593,1581,98,-7,0.900000000000091,18.59999999999991
SignalThreshold,200,10,['Chartist'],20,10,25,25,False,,100.82000000000001,,0.0009977790917334271,,1146,1634,1577,1531,-431,103,47.19999999999982,48.40000000000009
SignalThreshold,200,10,['Chartist'],50,10,25,10,False,,98.03,,0.00034203571650975184,,1965,1561,1712,1626,253,-65,90.89999999999986,97.29999999999995
SignalThreshold,200,10,['Chartist'],50,10,25,25,False,,99.15,,0.0006438945966404457,,1699,1806,1644,1740,55,66,53.299999999999955,105.29999999999995
SignalThreshold,200,10,['Chartist'],20,25,5,10,False,,97.61000000000001,,0.00039129429071822736,,1574,1404,1556,1539,18,-135,19.700000000000045,23.899999999999864
SignalThreshold,200,10,['Chartist'],20,25,5,25,False,,101.25000000000003,,0.0006235266092401259,,907,1625,1567,1584,-660,41,1.400000000000091,38.59999999999991
SignalThreshold,200,10,['Chartist'],50,25,5,10,False,,100.19000000000003,,0.0006662390155570773,,1347,1815,1688,1629,-341,186,53.899999999999864,52.5
SignalThreshold,200,10,['Chartist'],50,25,5,25,False,,97.88999999999999,,0.00043693153709495255,,1453,1829,1639,1620,-186,209,9.899999999999864,26.09999999999991
SignalThreshold,200,10,['Chartist'],20,25,10,10,False,,102.55999999999999,,0.000739523606159315,,1157,1642,1538,1612,-381,30,71.79999999999995,97.10000000000014
SignalThreshold,200,10,['Chartist'],20,25,10,25,False,,95.07999999999998,,3.13659967954394e-05,,1423,1278,1594,1395,-171,-117,190.60000000000014,219.20000000000005
SignalThreshold,200,10,['Chartist'],50,25,10,10,False,,100.57000000000001,,0.00041966920189306716,,1479,1939,1644,1772,-165,167,109.5,132.39999999999986
SignalThreshold,200,10,['Chartist'],50,25,10,25,False,,94.23999999999998,,-0.00013452291356132626,,1823,1195,1669,1445,154,-250,208.9000000000001,216.79999999999995
SignalThreshold,200,10,['Chartist'],20,25,25,10,False,,98.49,,0.00041269768230438374,,1730,1561,1680,1611,50,-50,57.700000000000045,60.200000000000045
SignalThreshold,200,10,['Chartist'],20,25,25,25,False,,96.5,,0.0005052674372534573,,1694,1272,1645,1447,49,-175,214.9000000000001,184.0
SignalThreshold,200,10,['Chartist'],50,25,25,10,False,,99.65,,0.00039934209778083455,,1925,1870,1723,1709,202,161,17.200000000000045,13.5
SignalThreshold,200,10,['Chartist'],50,25,25,25,False,,102.25000000000001,,0.00046421549340783794,,1663,1756,1603,1731,60,25,152.30000000000018,126.5
SignalThreshold,200,10,['Chartist'],20,100,5,10,False,,100.52,,0.0006944045377299703,,1589,1791,1638,1666,-49,125,21.299999999999955,24.799999999999955
SignalThreshold,200,10,['Chartist'],20,100,5,25,False,,101.88,,0.0006779429781144426,,1389,1505,1602,1688,-213,-183,74.79999999999995,86.79999999999995
SignalThreshold,200,10,['Chartist'],50,100,5,10,False,,100.68000000000002,,0.0005539692643792449,,1651,1786,1725,1780,-74,6,51.90000000000009,48.100000000000136
SignalThreshold,200,10,['Chartist'],50,100,5,25,False,,102.43999999999998,,0.000711406191975402,,1437,1924,1665,1776,-228,148,124.0,116.10000000000014
SignalThreshold,200,10,['Chartist'],20,100,10,10,False,,96.77000000000001,,0.00028961808962966285,,1796,1377,1678,1532,118,-155,153.5,139.9000000000001
SignalThreshold,200,10,['Chartist'],20,100,10,25,False,,94.33000000000001,,0.000147742634617617,,1612,1185,1633,1491,-21,-306,121.5,154.5
SignalThreshold,200,10,['Chartist'],50,100,10,10,False,,100.88999999999999,,0.000574076768105494,,1712,2010,1716,1788,-4,222,91.0,80.89999999999986
SignalThreshold,200,10,['Chartist'],50,100,10,25,False,,98.20000000000002,,0.00033303238913840426,,1825,1015,1737,1709,88,-694,23.200000000000045,25.40000000000009
SignalThreshold,200,10,['Chartist'],20,100,25,10,False,,99.73000000000002,,0.0005519540571187698,,1785,1780,1725,1703,60,77,6.300000000000182,14.0
SignalThreshold,200,10,['Chartist'],20,100,25,25,False,,101.16000000000001,,0.0006065464967646116,,1223,1821,1674,1695,-451,126,22.59999999999991,30.200000000000045
SignalThreshold,200,10,['Chartist'],50,100,25,10,False,,99.02,,0.0004094567993232806,,2016,1779,1792,1782,224,-3,1.2000000000000455,8.299999999999955
SignalThreshold,200,10,['Chartist'],50,100,25,25,False,,99.70000000000002,,0.0004596726790746745,,2082,1582,1787,1807,295,-225,26.700000000000045,26.299999999999955
SignalThreshold,200,10,['MarketMaker'],20,1,5,10,False,,95.52000000000001,,0.0003502190934174273,,1587,1332,1600,1390,-13,-58,205.0,205.20000000000005
SignalThreshold,200,10,['MarketMaker'],20,1,5,25,False,,98.91,,0.000833899218469789,,1664,1214,1603,1449,61,-235,170.5,146.20000000000005
SignalThreshold,200,10,['MarketMaker'],50,1,5,10,False,,98.84,,0.00021069745600379536,,1195,1784,1586,1617,-391,167,49.200000000000045,34.0
SignalThreshold,200,10,['MarketMaker'],50,1,5,25,False,,106.15,,0.0007733680182757803,,1422,1730,1509,1649,-87,81,139.9000000000001,141.0999999999999
SignalThreshold,200,10,['MarketMaker'],20,1,10,10,False,,96.89000000000001,,0.00012953861805114973,,1644,975,1565,1463,79,-488,96.20000000000005,117.0
SignalThreshold,200,10,['MarketMaker'],20,1,10,25,False,,90.82000000000001,,-2.6874781695666954e-05,,1642,1085,1601,1289,41,-204,314.20000000000005,303.9000000000001
SignalThreshold,200,10,['MarketMaker'],50,1,10,10,False,,99.46000000000001,,0.00013084264111975862,,1720,1595,1629,1637,91,-42,0.7999999999999545,14.400000000000091
SignalThreshold,200,10,['MarketMaker'],50,1,10,25,False,,96.35,,0.000459810448993931,,1513,1556,1666,1500,-153,56,178.0999999999999,138.70000000000005
SignalThreshold,200,10,['MarketMaker'],20,1,25,10,False,,99.89000000000001,,0.0005177256991376631,,1065,1718,1576,1581,-511,137,4.900000000000091,16.200000000000045
SignalThreshold,200,10,['MarketMaker'],20,1,25,25,False,,99.33000000000001,,-0.00012501681916153538,,1623,1383,1523,1592,100,-209,68.5,56.700000000000045
SignalThreshold,200,10,['MarketMaker'],50,1,25,10,False,,103.97999999999999,,0.0007342229677202046,,1552,1774,1478,1704,74,70,203.0,227.20000000000005
SignalThreshold,200,10,['MarketMaker'],50,1,25,25,False,,106.15,,0.001163938333182004,,1185,1676,1413,1633,-228,43,187.4000000000001,215.0999999999999
SignalThreshold,200,10,['MarketMaker'],20,5,5,10,False,,101.38,,0.0008515504764614976,,1283,1630,1515,1590,-232,40,79.5,78.29999999999995
SignalThreshold,200,10,['MarketMaker'],20,5,5,25,False,,104.1,,-0.0002526174502146888,,1278,1580,1346,1606,-68,-26,256.0999999999999,259.5999999999999
SignalThreshold,200,10,['MarketMaker'],50,5,5,10,False,,99.58000000000001,,0.0007241968754218009,,1893,1150,1614,1653,279,-503,31.90000000000009,44.200000000000045
SignalThreshold,200,10,['MarketMaker'],50,5,5,25,False,,94.53999999999999,,-5.438140591529953e-05,,1414,1685,1628,1492,-214,193,115.09999999999991,153.5999999999999
SignalThreshold,200,10,['MarketMaker'],20,5,10,10,False,,97.19,,0.00026927178582727735,,1298,1397,1538,1464,-240,-67,63.0,79.59999999999991
SignalThreshold,200,10,['MarketMaker'],20,5,10,25,False,,110.66,,0.0010062671987079177,,452,1620,1219,1576,-767,44,331.29999999999995,360.70000000000005
SignalThreshold,200,10,['MarketMaker'],50,5,10,10,False,,103.57000000000001,,0.0008061603845975554,,1241,1947,1523,1724,-282,223,172.4000000000001,197.5
SignalThreshold,200,10,['MarketMaker'],50,5,10,25,False,,104.85,,0.001030555390922931,,1219,1801,1465,1710,-246,91,239.9000000000001,260.5
SignalThreshold,200,10,['MarketMaker'],20,5,25,10,False,,100.24,,0.00033712961598079467,,1540,1556,1508,1646,32,-90,139.5999999999999,142.70000000000005
SignalThreshold,200,10,['MarketMaker'],20,5,25,25,False,,100.41,,0.00022604858973848007,,1493,1515,1535,1474,-42,41,77.79999999999995,67.19999999999982
SignalThreshold,200,10,['MarketMaker'],50,5,25,10,False,,103.12,,0.000808412582454143,,1824,1748,1575,1706,249,42,125.29999999999995,117.5
SignalThreshold,200,10,['MarketMaker'],50,5,25,25,False,,97.85,,0.0006528081383250351,,881,1817,1739,1593,-858,224,153.79999999999995,144.5
SignalThreshold,200,10,['MarketMaker'],20,10,5,10,False,,102.29000000000002,,0.0003814776731300166,,1520,1434,1498,1551,22,-117,52.90000000000009,51.899999999999864
SignalThreshold,200,10,['MarketMaker'],20,10,5,25,False,,92.06000000000002,,-0.00018161576186678325,,1675,791,1565,1315,110,-524,229.5,268.70000000000005
SignalThreshold,200,10,['MarketMaker'],50,10,5,10,False,,99.23000000000002,,0.0003109605911447464,,1764,1255,1624,1618,140,-363,1.900000000000091,6.2000000000000455
SignalThreshold,200,10,['MarketMaker'],50,10,5,25,False,,99.4,,0.0009685883859391243,,1589,1444,1591,1501,-2,-57,96.0,90.20000000000005
SignalThreshold,200,10,['MarketMaker'],20,10,10,10,False,,97.97000000000001,,0.0007524330343903598,,1595,1305,1580,1502,15,-197,73.59999999999991,76.20000000000005
SignalThreshold,200,10,['MarketMaker'],20,10,10,25,False,,102.05999999999999,,0.0004621113546520867,,1349,1511,1458,1588,-109,-77,146.70000000000005,137.9000000000001
SignalThreshold,200,10,['MarketMaker'],50,10,10,10,False,,99.03,,0.00027057459924377725,,1814,1309,1662,1604,152,-295,55.90000000000009,56.59999999999991
SignalThreshold,200,10,['MarketMaker'],50,10,10,25,False,,98.67999999999998,,0.00035742220374315644,,1676,1531,1708,1581,-32,-50,98.70000000000005,136.5
SignalThreshold,200,10,['MarketMaker'],20,10,25,10,False,,100.46,,0.0007558297369816271,,1272,1679,1585,1663,-313,16,59.299999999999955,78.90000000000009
SignalThreshold,200,10,['MarketMaker'],20,10,25,25,False,,97.85,,0.00022541310718405817,,1146,1674,1589,1552,-443,122,33.100000000000136,46.5
SignalThreshold,200,10,['MarketMaker'],50,10,25,10,False,,97.02,,0.00031707522600770295,,1829,1591,1728,1582,101,9,137.0,140.70000000000005
SignalThreshold,200,10,['MarketMaker'],50,10,25,25,False,,100.43,,0.00016941960182976023,,1812,1657,1592,1677,220,-20,102.40000000000009,61.09999999999991
SignalThreshold,200,10,['MarketMaker'],20,25,5,10,False,,98.78,,0.0003077865347576701,,1584,1219,1521,1581,63,-362,54.899999999999864,59.09999999999991
SignalThreshold,200,10,['MarketMaker'],20,25,5,25,False,,99.11,,0.00021525407913468062,,1375,1202,1581,1570,-206,-368,8.599999999999909,21.899999999999864
SignalThreshold,200,10,['MarketMaker'],50,25,5,10,False,,100.37999999999998,,0.0005305604251768251,,1475,1836,1676,1723,-201,113,73.5,51.0
SignalThreshold,200,10,['MarketMaker'],50,25,5,25,False,,100.64000000000001,,0.0004616680279165162,,1709,1498,1679,1674,30,-176,27.0,9.100000000000136
SignalThreshold,200,10,['MarketMaker'],20,25,10,10,False,,98.25,,0.0005871214102600724,,1644,1235,1607,1536,37,-301,74.39999999999986,51.90000000000009
SignalThreshold,200,10,['MarketMaker'],20,25,10,25,False,,101.08000000000001,,0.0008091476309243635,,1334,1044,1598,1591,-264,-547,2.599999999999909,8.699999999999818
SignalThreshold,200,10,['MarketMaker'],50,25,10,10,False,,99.0,,0.0004382951104767988,,1719,1644,1714,1683,5,-39,24.200000000000045,23.5
SignalThreshold,200,10,['MarketMaker'],50,25,10,25,False,,103.63,,0.0006616459720211049,,1238,1846,1547,1640,-309,206,97.5,110.39999999999986
SignalThreshold,200,10,['MarketMaker'],20,25,25,10,False,,97.66,,0.00027332497142705113,,1718,1071,1660,1498,58,-427,151.89999999999986,163.0
SignalThreshold,200,10,['MarketMaker'],20,25,25,25,False,,102.45,,0.0007391087032109342,,1674,1137,1526,1600,148,-463,61.200000000000045,51.899999999999864
SignalThreshold,200,10,['MarketMaker'],50,25,25,10,False,,97.41,,0.0003465279457847878,,1500,1801,1756,1614,-256,187,133.29999999999995,129.29999999999995
SignalThreshold,200,10,['MarketMaker'],50,25,25,25,False,,99.99,,0.00041825683882061403,,1890,1708,1724,1719,166,-11,22.299999999999955,15.299999999999955
SignalThreshold,200,10,['MarketMaker'],20,100,5,10,False,,101.12000000000002,,0.0005964805981433685,,1491,1469,1618,1665,-127,-196,57.40000000000009,47.200000000000045
SignalThreshold,200,10,['MarketMaker'],20,100,5,25,False,,94.46,,0.0002296759521136177,,1643,930,1625,1521,18,-591,92.09999999999991,115.90000000000009
SignalThreshold,200,10,['MarketMaker'],50,100,5,10,False,,100.56000000000002,,0.0005504254035688066,,1233,1805,1743,1753,-510,52,4.0,7.2999999999999545
SignalThreshold,200,10,['MarketMaker'],50,100,5,25,False,,100.86999999999999,,0.000739680007122491,,1727,1513,1711,1684,16,-171,20.5,26.700000000000045
SignalThreshold,200,10,['MarketMaker'],20,100,10,10,False,,101.71,,0.0006431349493598626,,854,1686,1680,1711,-826,-25,31.700000000000045,22.90000000000009
SignalThreshold,200,10,['MarketMaker'],20,100,10,25,False,,98.59,,0.00031345129899483683,,751,1600,1681,1603,-930,-3,55.200000000000045,92.09999999999991
SignalThreshold,200,10,['MarketMaker'],50,100,10,10,False,,99.24,,0.0005680216436033009,,1697,1784,1802,1711,-105,73,87.90000000000009,80.19999999999982
SignalThreshold,200,10,['MarketMaker'],50,100,10,25,False,,94.85,,0.00019085556462687504,,1755,1099,1755,1541,0,-442,220.9000000000001,211.10000000000014
SignalThreshold,200,10,['MarketMaker'],20,100,25,10,False,,101.07000000000002,,0.00063404220134187,,1569,1604,1691,1741,-122,-137,42.700000000000045,44.600000000000136
SignalThreshold,200,10,['MarketMaker'],20,100,25,25,False,,96.38000000000001,,0.0005026248227668113,,1703,1323,1707,1569,-4,-246,147.5,139.70000000000005
SignalThreshold,200,10,['MarketMaker'],50,100,25,10,False,,98.0,,0.00030871177341332067,,2011,1496,1879,1690,132,-194,171.5,171.5
SignalThreshold,200,10,['MarketMaker'],50,100,25,25,False,,96.99999999999999,,0.0004010244696254573,,1840,1337,1828,1676,12,-339,120.69999999999982,129.79999999999995
SignalThreshold,200,10,['Fundamentalist'],20,1,5,10,False,,101.85,,0.0010301226894807941,,1499,1349,1519,1499,-20,-150,31.700000000000045,23.40000000000009
SignalThreshold,200,10,['Fundamentalist'],20,1,5,25,False,,85.76999999999998,,-0.0006379914332778515,,1643,1056,1559,1161,84,-105,390.79999999999995,407.5
SignalThreshold,200,10,['Fundamentalist'],50,1,5,10,False,,99.85,,0.000465249856018314,,1642,1699,1631,1545,11,154,78.5,98.79999999999995
SignalThreshold,200,10,['Fundamentalist'],50,1,5,25,False,,98.78999999999999,,3.705970229656289e-05,,1723,1528,1548,1585,175,-57,54.0,42.700000000000045
SignalThreshold,200,10,['Fundamentalist'],20,1,10,10,False,,106.60999999999999,,0.0009479362500516702,,1314,1651,1320,1590,-6,61,258.0999999999999,263.29999999999995
SignalThreshold,200,10,['Fundamentalist'],20,1,10,25,False,,109.0,,0.0011604248007456644,,931,1608,1321,1554,-390,54,217.79999999999995,225.0999999999999
SignalThreshold,200,10,['Fundamentalist'],50,1,10,10,False,,100.47,,0.0002960259381803766,,1750,1731,1621,1639,129,92,29.5,16.100000000000136
SignalThreshold,200,10,['Fundamentalist'],50,1,10,25,False,,109.35999999999999,,0.001240616598262192,,1549,1565,1355,1615,194,-50,266.60000000000014,248.20000000000005
SignalThreshold,200,10,['Fundamentalist'],20,1,25,10,False,,105.52000000000001,,0.0009166676227955122,,1443,1629,1391,1633,52,-4,228.29999999999995,233.89999999999986
SignalThreshold,200,10,['Fundamentalist'],20,1,25,25,False,,97.66,,0.00036089516039735606,,1740,1125,1583,1542,157,-417,20.0,33.200000000000045
SignalThreshold,200,10,['Fundamentalist'],50,1,25,10,False,,101.68,,0.0006528816236927811,,1718,1767,1588,1707,130,60,117.30000000000018,117.5
SignalThreshold,200,10,['Fundamentalist'],50,1,25,25,False,,105.27000000000001,,0.0008549959765376583,,1316,1861,1492,1669,-176,192,189.0,183.60000000000014
SignalThreshold,200,10,['Fundamentalist'],20,5,5,10,False,,96.74000000000001,,0.0002650026518467523,,1704,1264,1580,1455,124,-191,126.90000000000009,122.60000000000014
SignalThreshold,200,10,['Fundamentalist'],20,5,5,25,False,,89.27000000000001,,-8.474260928304867e-05,,1620,1278,1604,1230,16,48,364.0,360.0
SignalThreshold,200,10,['Fundamentalist'],50,5,5,10,False,,105.0,,0.0009001880386070211,,1339,1830,1478,1614,-139,216,141.70000000000005,132.0999999999999
SignalThreshold,200,10,['Fundamentalist'],50,5,5,25,False,,99.0,,0.00021563723582017168,,1517,1984,1577,1643,-60,341,52.200000000000045,80.89999999999986
SignalThreshold,200,10,['Fundamentalist'],20,5,10,10,False,,98.83000000000001,,7.696821177733941e-05,,1453,1526,1446,1573,7,-47,124.5,130.29999999999995
SignalThreshold,200,10,['Fundamentalist'],20,5,10,25,False,,96.55,,0.00048161632595791764,,1628,1363,1550,1458,78,-95,107.29999999999995,90.70000000000005
SignalThreshold,200,10,['Fundamentalist'],50,5,10,10,False,,101.94,,0.00045854060284751514,,1674,1811,1591,1667,83,144,76.40000000000009,68.5
SignalThreshold,200,10,['Fundamentalist'],50,5,10,25,False,,90.20000000000002,,-5.026428428215237e-05,,1819,1365,1683,1323,136,42,333.4000000000001,367.20000000000005
SignalThreshold,200,10,['Fundamentalist'],20,5,25,10,False,,98.56,,0.00039158239737129794,,1698,1395,1549,1606,149,-211,70.59999999999991,42.59999999999991
SignalThreshold,200,10,['Fundamentalist'],20,5,25,25,False,,99.53999999999999,,0.00038103457881744155,,1653,1439,1485,1579,168,-140,97.30000000000018,82.39999999999986
SignalThreshold,200,10,['Fundamentalist'],50,5,25,10,False,,96.58000000000001,,0.00021520999668880097,,1863,1645,1734,1543,129,102,170.4000000000001,193.20000000000005
SignalThreshold,200,10,['Fundamentalist'],50,5,25,25,False,,100.07,,8.999002843424138e-05,,1657,1782,1670,1688,-13,94,9.199999999999818,18.799999999999955
SignalThreshold,200,10,['Fundamentalist'],20,10,5,10,False,,96.97999999999999,,0.00043663933068992196,,1555,1453,1593,1492,-38,-39,97.89999999999986,110.0
SignalThreshold,200,10,['Fundamentalist'],20,10,5,25,False,,100.4,,0.0007697442311698111,,1549,1482,1500,1523,49,-41,10.600000000000136,24.59999999999991
SignalThreshold,200,10,['Fundamentalist'],50,10,5,10,False,,99.26000000000002,,0.0005291951703696716,,1855,1638,1692,1667,163,-29,20.90000000000009,41.40000000000009
SignalThreshold,200,10,['Fundamentalist'],50,10,5,25,False,,104.8,,0.0009780575953729769,,1297,1869,1481,1713,-184,156,203.30000000000018,228.5
SignalThreshold,200,10,['Fundamentalist'],20,10,10,10,False,,100.61999999999998,,0.0007606340477603559,,1287,1645,1563,1574,-276,71,1.5,5.100000000000136
SignalThreshold,200,10,['Fundamentalist'],20,10,10,25,False,,98.01,,0.0004551852691233172,,1630,1410,1581,1490,49,-80,87.29999999999995,87.89999999999986
SignalThreshold,200,10,['Fundamentalist'],50,10,10,10,False,,95.81000000000002,,0.00010509131392282118,,1888,1509,1690,1528,198,-19,150.5999999999999,148.20000000000005
SignalThreshold,200,10,['Fundamentalist'],50,10,10,25,False,,92.79999999999998,,0.0001589635572487174,,1885,1497,1686,1384,199,113,300.70000000000005,295.4000000000001
SignalThreshold,200,10,['Fundamentalist'],20,10,25,10,False,,100.30000000000001,,0.0005544227532206212,,1629,1636,1661,1600,-32,36,63.5,58.600000000000136
SignalThreshold,200,10,['Fundamentalist'],20,10,25,25,False,,97.94999999999999,,5.179913358907121e-05,,1729,1539,1658,1582,71,-43,37.5,90.0
SignalThreshold,200,10,['Fundamentalist'],50,10,25,10,False,,100.67000000000002,,0.0005452413138102253,,1798,1811,1659,1703,139,108,16.199999999999818,14.699999999999818
SignalThreshold,200,10,['Fundamentalist'],50,10,25,25,False,,97.83999999999999,,0.00026879960012393537,,1755,1822,1751,1570,4,252,169.20000000000005,195.4000000000001
SignalThreshold,200,10,['Fundamentalist'],20,25,5,10,False,,101.26,,0.0006775858067015446,,1456,1658,1587,1562,-131,96,18.200000000000045,10.5
SignalThreshold,200,10,['Fundamentalist'],20,25,5,25,False,,97.52000000000001,,0.0003491169834153051,,1603,1281,1555,1559,48,-278,5.7000000000000455,1.599999999999909
SignalThreshold,200,10,['Fundamentalist'],50,25,5,10,False,,100.78999999999999,,0.0005032551186052459,,1677,1803,1624,1699,53,104,92.29999999999995,97.79999999999995
SignalThreshold,200,10,['Fundamentalist'],50,25,5,25,False,,102.7,,0.0009464396181461363,,1320,1833,1564,1643,-244,190,87.30000000000018,61.600000000000136
SignalThreshold,200,10,['Fundamentalist'],20,25,10,10,False,,98.46,,0.0004122314662905769,,1652,1633,1550,1594,102,39,49.40000000000009,35.90000000000009
SignalThreshold,200,10,['Fundamentalist'],20,25,10,25,False,,101.39000000000001,,0.0005193659387041536,,1552,1565,1558,1621,-6,-56,20.5,73.90000000000009
SignalThreshold,200,10,['Fundamentalist'],50,25,10,10,False,,99.92,,0.0005438505495242174,,1751,1753,1659,1721,92,32,52.299999999999955,62.5
SignalThreshold,200,10,['Fundamentalist'],50,25,10,25,False,,104.26000000000002,,0.0008595351943624021,,1568,1734,1493,1678,75,56,172.39999999999986,187.0
SignalThreshold,200,10,['Fundamentalist'],20,25,25,10,False,,100.59,,0.0005369024215941206,,1297,1823,1618,1694,-321,129,58.90000000000009,90.0
SignalThreshold,200,10,['Fundamentalist'],20,25,25,25,False,,100.52000000000001,,0.0004223418115397009,,1532,1658,1663,1659,-131,-1,11.099999999999909,0.5
SignalThreshold,200,10,['Fundamentalist'],50,25,25,10,False,,98.74000000000001,,0.0006018962609818821,,1576,1886,1735,1666,-159,220,81.0,73.90000000000009
SignalThreshold,200,10,['Fundamentalist'],50,25,25,25,False,,101.72999999999999,,0.000539715665244496,,1535,1940,1668,1676,-133,264,24.700000000000045,23.700000000000045
SignalThreshold,200,10,['Fundamentalist'],20,100,5,10,False,,96.74000000000001,,0.00021634377644014056,,1710,1656,1629,1597,81,59,38.399999999999864,21.5
SignalThreshold,200,10,['Fundamentalist'],20,100,5,25,False,,99.27000000000001,,0.00020944058134642486,,1719,1621,1685,1636,34,-15,46.200000000000045,35.799999999999955
SignalThreshold,200,10,['Fundamentalist'],50,100,5,10,False,,100.08,,0.0003252588085930007,,1846,1928,1717,1765,129,163,51.59999999999991,46.700000000000045
SignalThreshold,200,10,['Fundamentalist'],50,100,5,25,False,,96.51,,0.00042738874669905535,,1859,1615,1757,1633,102,-18,148.39999999999986,126.80000000000018
SignalThreshold,200,10,['Fundamentalist'],20,100,10,10,True,705.0,99.91,99.78999999999998,0.0005425246639333726,0.0005857368458640648,1794,1737,1701,1674,93,63,37.200000000000045,19.899999999999864
SignalThreshold,200,10,['Fundamentalist'],20,100,10,25,False,,101.83999999999999,,0.0006725243611494604,,1554,1646,1618,1671,-64,-25,59.799999999999955,47.90000000000009
SignalThreshold,200,10,['Fundamentalist'],50,100,10,10,False,,101.5,,0.0006237729974873624,,1748,1927,1696,1782,52,145,94.90000000000009,70.69999999999982
SignalThreshold,200,10,['Fundamentalist'],50,100,10,25,False,,98.73000000000002,,0.00020212851010327973,,2029,1746,1784,1673,245,73,85.90000000000009,96.20000000000005
SignalThreshold,200,10,['Fundamentalist'],20,100,25,10,False,,100.25000000000003,,0.0005053002229991814,,1799,1800,1682,1741,117,59,71.80000000000018,65.0
SignalThreshold,200,10,['Fundamentalist'],20,100,25,25,True,445.0,95.82000000000001,92.03,0.00017222953613434453,0.00045108646511472474,1899,1484,1682,1583,217,-99,100.90000000000009,106.30000000000018
SignalThreshold,200,10,['Fundamentalist'],50,100,25,10,False,,100.20000000000002,,0.0005574100187582303,,1821,2120,1774,1864,47,256,104.79999999999995,91.39999999999986
SignalThreshold,200,10,['Fundamentalist'],50,100,25,25,False,,101.51,,0.0005954812840485847,,1453,1975,1773,1793,-320,182,28.899999999999864,23.799999999999955
